,Name,Lat,Lng,Address
0,Walmart Supercenter,40.7656081,-81.5226132,"1 Massillon Marketplace Dr SW, Massillon"
1,Walmart Supercenter,40.847628,-81.941624,"3883 Burbank Rd, Wooster"
2,Walmart,40.871104,-81.433181,"4572 Mega St NW, North Canton"
3,Walmart,41.1348947,-81.6326569,"3750 W Market St, Fairlawn"
4,Walmart Supercenter,41.0526105,-81.7249695,"222 Smokerise Dr, Wadsworth"
5,Walmart Supercenter,41.3508768,-82.0672824,"1000 Chestnut Commons Dr, Elyria"
6,Walmart Supercenter,41.3461111,-81.82,"8585 Pearl Rd, Strongsville"
7,Walmart Supercenter,40.7941667,-81.4222222,"4004 Tuscarawas St W, Canton"
8,Walmart Supercenter,41.4664845,-82.0158237,"35901 Chester Rd, Avon"
9,Walmart Supercenter,40.8347279,-81.3288031,"3200 Atlantic Blvd NE, Canton"
10,Walmart Supercenter,41.0977816,-81.383707,"250 Tallmadge Rd, Kent"
11,Walmart Supercenter,41.1619311,-81.8596219,"4141 Pearl Rd, Medina"
12,Walmart Supercenter,41.1658333,-81.48,"3520 Hudson Dr, Stow"
13,Walmart Supercenter,41.4179807,-81.8974382,"24801 Brookpark Rd, North Olmsted"
14,Walmart Supercenter,41.4615191,-81.6928838,"3400 Steelyard Dr, Cleveland"
15,Walmart Supercenter,41.1560756,-81.2995613,"2600 OH-59, Ravenna"
16,Walmart Supercenter,41.4202778,-81.7538889,"10000 Brookpark Rd, Cleveland"
17,Walmart Supercenter,41.3101348,-81.51902,"8160 Macedonia Commons Blvd, Macedonia"
18,Walmart Supercenter,41.4300606,-82.2078954,"4380 N Leavitt Rd, Lorain"
19,Walmart Supercenter,41.508916,-81.5398747,"1868 Warrensville Center Rd, South Euclid"
20,Walmart Supercenter,41.252609,-81.3620691,"905 Singletary Dr, Streetsboro"
21,Walmart Supercenter,41.3502159,-81.3895111,"7235 Market Pl Dr, Bainbridge Township"
22,Walmart,41.518883,-81.440232,"6594 Mayfield Rd, Mayfield Heights"
23,Walmart,41.6787655,-81.3076975,"9303 Mentor Ave, Mentor"
24,Walmart Supercenter,41.6406366,-81.4469154,"33752 Vine St, Eastlake"
25,Walmart Supercenter,41.2742899,-80.7719395,"2016 Millennium Blvd, Cortland"
26,Walmart Supercenter,41.5861616,-81.2258874,"223 Meadowlands Dr, Chardon"
27,Walmart Supercenter,41.8834738,-80.7496195,"3551 N Ridge Rd E, Ashtabula"
28,Walmart Supercenter,41.804645,-81.071979,"6067 N Ridge Rd, Madison"
29,Walmart Supercenter,41.4587067,-81.0854521,"15050 S, Springdale Ave, Middlefield"
30,Walmart Money Center,41.3504277,-81.3893263,"7355 Market Pl Dr, Aurora"
31,Walmart Money Center,41.8041285,-81.0718057,Madison
32,Walmart Supercenter,40.8999983,-81.1606038,"2700 W State St, Alliance"
33,Walmart Supercenter,40.9001061,-80.8178732,"2875 E State St, Salem"
34,Walmart Supercenter,41.0974887,-80.7740295,"6001 Mahoning Ave, Austintown"
35,Walmart Supercenter,41.1473517,-80.66165,"200 Goldie Rd, Youngstown"
36,Walmart Supercenter,41.028956,-80.6307379,"1300 Doral Dr, Poland"
37,Giant Eagle Market District,40.9623233,-81.4689962,"1700 Corporate Woods Pkwy, Uniontown"
38,Giant Eagle Supermarket,41.150631,-81.8610563,"870 N Court St, Medina"
39,Giant Eagle Supermarket,41.044898,-81.696098,"825 Ambassador Dr, Wadsworth"
40,Giant Eagle Supermarket,41.0091667,-81.5872222,"41 5th St SE, Barberton"
41,Giant Eagle Supermarket,41.2369789,-81.8100517,"3440 Center Rd, Brunswick"
42,Giant Eagle Deli,41.3784411,-81.7397128,"7939 Day Dr, Parma"
43,Giant Eagle Supermarket,41.126281,-81.602143,"2775 W Market St, Fairlawn"
44,Giant Eagle Supermarket,41.3676622,-81.8556686,"50 W Bridge St, Berea"
45,Giant Eagle Supermarket,41.1329427,-81.6359561,"3750 W Market St, Akron"
46,Giant Eagle Supermarket,41.3769188,-81.7876739,"6869 Southland Dr, Middleburg Heights"
47,Giant Eagle Supermarket,41.1173056,-81.4834417,"230 Howe Ave, Cuyahoga Falls"
48,Giant Eagle Supermarket,40.881632,-81.569617,"2275 Locust St, Canal Fulton"
49,Giant Eagle Supermarket,41.1000022,-81.4499402,"205 West Ave, Tallmadge"
50,Giant Eagle Deli,41.4057152,-81.7979016,"14650 Snow Rd, Brook Park"
51,Giant Eagle Supermarket,41.0275176,-81.5093967,"484 E Waterloo Rd, Akron"
52,Giant Eagle Supermarket,41.314921,-81.726351,"6000 Royalton Rd, North Royalton"
53,Giant Eagle Supermarket,41.3784833,-81.7397306,"7939 Day Dr, Cleveland"
54,Giant Eagle Supermarket,41.315085,-81.656132,"4343 E Royalton Rd, Broadview Heights"
55,Giant Eagle Supermarket,41.313202,-81.529222,"290 E Aurora Rd, Northfield"
56,Giant Eagle Supermarket,41.404282,-81.612456,"5744 Transportation Blvd, Garfield Heights"
57,Giant Eagle Supermarket,41.202155,-81.433934,"1700 Norton Rd, Stow"
58,Giant Eagle Supermarket,41.415647,-81.535532,"5321 Warrensville Center Rd, Maple Heights"
59,Giant Eagle Supermarket,41.503452,-81.499514,"25105 Cedar Rd, Lyndhurst"
60,Giant Eagle Supermarket,41.2373732,-81.3472786,"1280 OH-303, Streetsboro"
61,Giant Eagle Supermarket,41.4659271,-81.5057297,"24601 Chagrin Blvd, Beachwood"
62,Giant Eagle Supermarket,41.309497,-81.442126,"8960 Darrow Rd, Twinsburg"
63,Giant Eagle Supermarket,41.389399,-81.525974,"900 Northfield Rd, Bedford"
64,Giant Eagle Supermarket,41.52176,-81.5216303,"4401 Mayfield Rd, South Euclid"
65,Giant Eagle Supermarket,41.3903732,-81.3374812,"8515 Tanglewood Square, Chagrin Falls"
66,Giant Eagle Supermarket,41.6361596,-81.4747094,"30320 Lakeshore Blvd, Willowick"
67,Giant Eagle Supermarket,41.523612,-81.3402588,"12692 Chillicothe Rd, Chesterland"
68,Giant Eagle Supermarket,41.5213889,-81.4527778,"6259 Mayfield Rd, Mayfield Heights"
69,Giant Eagle Supermarket,41.630325,-81.427732,"36475 Euclid Ave, Willoughby"
70,Giant Eagle Supermarket,41.237182,-80.7435392,"8202 E Market St, Warren"
71,Giant Eagle Supermarket,41.464609,-81.092427,"15400 W High St, Middlefield"
72,Giant Eagle Supermarket,41.583533,-81.218232,"351 Center St, Chardon"
73,Giant Eagle Supermarket,41.706115,-81.266436,"1201 Mentor Ave, Painesville"
74,Giant Eagle Supermarket,41.2600954,-80.8325941,"State Road Northwest, 2700 Mahoning Ave, Warren"
75,Giant Eagle Supermarket,41.1663211,-80.6665962,"4700 Belmont Ave, Youngstown"
76,Giant Eagle Supermarket,41.1590731,-81.227761,"909 E Main St, Ravenna"
77,Giant Eagle Supermarket,40.8367519,-81.260779,"108 W Main St, Louisville"
78,Giant Eagle Supermarket,41.1056643,-81.2410908,"4260 OH-44, Rootstown"
79,Giant Eagle Supermarket,41.1010628,-80.7571223,"5220 Mahoning Ave, Youngstown"
80,Giant Eagle Supermarket,40.899754,-80.826774,"2401 E State St, Salem"
81,Giant Eagle Supermarket,41.023352,-80.74694,"525 E Main St, Canfield"
82,Giant Eagle Supermarket,41.026204,-80.678886,"476 Boardman-Canfield Rd, Youngstown"
83,Giant Eagle Supermarket,41.027016,-80.632421,"1201 Doral Dr, Youngstown"
84,Giant Eagle Supermarket,40.9007509,-81.1313067,"1800 W State St, Alliance"
85,Giant Eagle Supermarket,41.2552,-80.793396,"2061 Elm Rd NE, Warren"
86,Giant Eagle Supermarket,41.0243835,-80.5928116,"3130 Center Rd, Poland"
87,Giant Eagle Supermarket,41.235627,-80.55765,"7229 Warren - Sharon Rd, Brookfield Township"
88,Giant Eagle Supermarket,41.1842135,-80.7596009,"48 Vienna Ave, Niles"
89,ALDI,40.8272405,-81.9076907,"2249 Akron Rd, Wooster"
90,ALDI,40.7944304,-81.4467118,"5117 W Tuscarawas St W, Canton"
91,ALDI,41.0480346,-81.7275543,"174 Park Center Dr, Wadsworth"
92,ALDI,41.1352861,-81.8101564,"3444 Medina Rd, Medina"
93,ALDI,41.1326032,-81.6376974,"120 S Cleveland Massillon Rd, Fairlawn"
94,ALDI,41.2389207,-81.8376594,"4221 Center Rd, Brunswick"
95,ALDI,41.0562721,-81.5826107,"2100 Romig Rd, Akron"
96,ALDI,40.8540116,-81.4248166,"4082 Belden Village St NW, Canton"
97,ALDI,41.4208561,-81.9026839,"4692 Great Northern Blvd, North Olmsted"
98,ALDI,41.0652875,-81.5273946,"772 S Main St, Akron"
99,ALDI,41.3727349,-81.8296743,"18324 Bagley Rd, Middleburg Heights"
100,ALDI,41.4597502,-81.8559176,"21329 Center Ridge Rd, Fairview Park"
101,ALDI,41.3924499,-82.0069752,"35111 Center Ridge Rd, North Ridgeville"
102,ALDI,41.0360916,-81.4905068,"1333 S Arlington St, Akron"
103,ALDI,41.3116279,-81.8339489,"14267 Pearl Rd, Strongsville"
104,ALDI,41.1579519,-81.860984,"1180 N Court St, Medina"
105,ALDI,41.4617898,-81.9597281,"30700 Detroit Rd, Westlake"
106,ALDI,41.1069072,-81.467413,"1620 Brittain Rd, Akron"
107,ALDI,41.4202558,-81.7593862,"5170 Tiedeman Rd, Brooklyn"
108,ALDI,41.1591497,-81.401652,"3804 Fishcreek Rd, Stow"
109,ALDI,41.8776099,-80.7546506,"3124 N Ridge Rd E, Ashtabula"
110,ALDI,41.4697878,-81.6083969,"10815 Kinsman Rd, Cleveland"
111,ALDI,41.5036341,-81.6365303,"7500 Euclid Ave, Cleveland"
112,ALDI,41.5188465,-81.4944436,"5144 Mayfield Rd, Lyndhurst"
113,ALDI,41.3149541,-81.5252616,"371 E Aurora Rd, Macedonia"
114,ALDI,41.4306288,-81.5267072,"4650 Northfield Rd, North Randall"
115,ALDI,41.2373827,-81.338671,"9071 OH-14, Streetsboro"
116,ALDI,41.641171,-81.4709278,"30960 Lakeshore Blvd, Willowick"
117,ALDI,41.6088615,-81.5259737,"22300 Lakeshore Blvd, Euclid"
118,ALDI,41.3560724,-81.3882151,"7050 Aurora Rd, Aurora"
119,ALDI,41.6621564,-81.3590263,"7885 Mentor Ave, Mentor"
120,ALDI,41.584622,-81.2117422,"302 Center St, Chardon"
121,ALDI,41.2097602,-80.7390726,"2425 Niles Cortland Rd SE, Warren"
122,ALDI,41.275434,-80.775151,"2120 Elm Cir, Cortland"
123,ALDI,41.8033946,-81.0549268,"6521 N Ridge Rd, Madison"
124,ALDI,41.6882588,-81.2883901,"2045 Mentor Ave, Painesville"
125,ALDI,41.4618443,-81.0843276,"14955 S, Springdale Ave, Middlefield"
126,ALDI,41.5228571,-81.4374651,"1385 Som Center Rd, Mayfield Heights"
127,ALDI,41.2550913,-80.8582324,"2774 Parkman Rd NW, Warren"
128,ALDI,41.3900048,-81.4357023,"6217 Som Center Rd, Solon"
129,ALDI,40.9010986,-81.1417215,"2150 W State St, Alliance"
130,ALDI,41.1566858,-81.2209904,"1350 E Main St, Ravenna"
131,ALDI,41.145275,-80.6636955,"3497 Belmont Ave, Youngstown"
132,ALDI,41.0987061,-80.7722433,"5863 Mahoning Ave, Austintown"
133,ALDI,41.0313196,-80.6352161,"6600 South Ave, Boardman"
134,ALDI,40.9003341,-80.8248,"2495 E State St, Salem"
135,Whole Foods Market,41.449988,-81.4850716,"50 Wall St, Orange"
136,Whole Foods Market 365,41.1109081,-81.5711638,"1745 W Market St, Akron"
137,Whole Foods Market,41.4787471,-81.8396406,"19607 Detroit Rd, Rocky River"
138,Whole Foods Market,41.5008761,-81.5368584,"13998 Cedar Rd, University Heights"
139,Whole Foods Market,41.463355,-81.486312,"27249 Chagrin Blvd, Woodmere"
140,Berry's Natural Food Market,41.1014796,-80.732533,"4405 Mahoning Ave, Youngstown"
141,Marc's Stores,40.8319305,-81.3816116,"3014 Cromer Ave NW, Canton"
142,Marc's Stores,41.3996009,-82.111492,"435 Midway Blvd, Elyria"
143,Marc's Stores,41.298672,-81.836802,"16224 Pearl Rd, Strongsville"
144,Marc's Stores,41.4170598,-81.91595,"26393 Great Northern Shop Center, North Olmsted"
145,Marc's,41.4695587,-81.9125595,"26400 Detroit Rd, Westlake"
146,Marc's Stores,41.5210887,-81.5171949,"4519 Mayfield Rd, South Euclid"
147,Marc's Stores,41.4576933,-81.8597491,"21661 Center Ridge Road Westwood Shopping Plaza, Rocky River"
148,Marc's Stores,41.398374,-81.595173,"12650 Rockside Rd, Garfield Heights"
149,Marc's Stores,41.165723,-81.441433,"3732 Darrow Rd, Stow"
150,Marc's Stores,41.396814,-82.004105,"34800 Center Ridge Rd, North Ridgeville"
151,Marc's Stores,41.4063737,-81.6934057,"1650 Snow Rd #295, Parma"
152,Marc's,41.4231914,-81.7393519,"7359 Northcliff Ave, Brooklyn"
153,Marc's Stores,41.3887631,-81.4354475,"6231 Som Center Rd, Solon"
154,Marc's Stores,41.150561,-81.510638,"2900 State Rd, Cuyahoga Falls"
155,Marc's Stores,41.1366669,-81.3571278,"1600 S Water St, Kent"
156,Marc's Stores,40.814144,-81.517488,"1413 Amherst Rd NE, Massillon"
157,Marc's Stores,41.116686,-81.478218,"470 Howe Ave, Cuyahoga Falls"
158,Marc's Stores,40.897214,-81.404373,"1664 N Main St, North Canton"
159,Marc's Stores,41.455483,-81.786044,"13693 Lorain Ave, Cleveland"
160,Marc's Stores,41.125772,-81.602421,"2753 W Market St, Fairlawn"
161,Marc's Stores,41.612325,-81.521565,"22840 Lakeshore Blvd, Euclid"
162,Marc's Stores,41.3188802,-81.6247427,"7510 Chippewa Rd, Brecksville"
163,Marc's Stores,41.315971,-81.356852,"300 Aurora Commons Cir, Aurora"
164,Marc's Stores,41.585136,-81.4825759,"28121 Chardon Rd, Willoughby Hills"
165,Marc's Stores,41.3132527,-81.5581457,"550 W Aurora Rd, Northfield"
166,Marc's Stores,41.634077,-81.476434,"29700 Lakeshore Blvd, Willowick"
167,Marc's Stores,41.5094444,-81.5797222,"1833 Coventry Rd, Cleveland Heights"
168,Marc's Stores,41.6536134,-81.3787439,"7353 Mentor Ave, Mentor"
169,Marc's Stores,41.204802,-80.741925,"6024 Youngstown Warren Rd, Niles"
170,Marc's Stores,41.697269,-81.276771,"1585 Mentor Ave, Painesville"
171,Marc's Stores,41.525084,-81.43758,"6695 Eastgate Drive Eastgate Shopping Plaza, Mayfield Heights"
172,Marc's Stores,41.5789499,-81.2110951,"425 Water St, Chardon"
173,Marc's Stores,41.710157,-81.359232,"5929 Andrews Rd, Mentor-On-The-Lake"
174,Marc's Stores,41.80102,-81.054695,"6576 N Ridge Rd, Madison"
175,Marc's Stores,41.026832,-80.628673,"7121 Tiffany Blvd, Youngstown"
176,Marc's Stores,41.099588,-80.742662,"4755 Mahoning Ave, Austintown"
177,Marc's Stores,40.900967,-81.150723,"2444 W State St, Alliance"
178,Marc's Stores,41.1583981,-81.2247001,"1145 E Main St, Ravenna"
179,Marc's Stores,40.8993371,-80.8248773,"2487 E State St, Salem"
180,Save A Lot,41.0568335,-81.5302309,"25 W Miller Ave, Akron"
181,Save A Lot,41.1016892,-81.4960904,"530 E Tallmadge Ave, Akron"
182,Save A Lot,41.0283333,-81.7302778,"204-208 High St, Wadsworth"
183,Save A Lot,41.0835063,-81.5717979,"1375 Copley Rd, Akron"
184,Save A Lot,40.797305,-81.5266424,"266 Federal Ave NE, Massillon"
185,Save A Lot,40.799106,-81.382289,"906 W Tuscarawas St W, Canton"
186,Save A Lot,40.8228935,-81.9311028,"1945 B, Cleveland Rd, Wooster"
187,Save A Lot,41.4311111,-81.7919444,"14041 Puritas Ave, Cleveland"
188,Save A Lot,41.4419861,-81.722847,"4215 Fulton Rd, Cleveland"
189,Save A Lot,41.3796816,-81.7336005,"6805 Ridge Rd, Parma"
190,Save A Lot,41.1404686,-81.3601532,"1430 S Water St, Kent"
191,Save A Lot,41.3724787,-82.093351,"125 Cleveland St, Elyria"
192,Save A Lot,40.9025058,-81.0910172,"1110 E State St Unit 2, Alliance"
193,Save A Lot,41.4659669,-81.648604,"5841 Broadway Ave, Cleveland"
194,Save A Lot,41.4296843,-81.6158241,"4790 Turney Rd, Garfield Heights"
195,Save A Lot,41.5408726,-81.5982699,"12432 St Clair Ave, Cleveland"
196,Save A Lot,41.4647217,-81.5820236,"14301 Kinsman Rd, Cleveland"
197,Save A Lot,41.425,-82.1186111,"2222 Fairless Dr, Lorain"
198,Save A Lot,41.3998222,-81.5958633,"12782 Rockside Rd, Garfield Heights"
199,Save A Lot,41.518682,-81.6381205,"7210 Superior Ave, Cleveland"
200,Save A Lot,41.8932255,-80.803778,"822 Lake Ave, Ashtabula"
201,Save A Lot,41.5939785,-81.4929711,"27591 Euclid Ave, Euclid"
202,Save A Lot,41.700149,-81.2764166,"1475 Mentor Ave, Painesville"
203,Save A Lot,41.642978,-81.448577,"33693 E, Vine St, Eastlake"
204,Save A Lot,41.4611784,-81.0870208,"15561 W High St, Middlefield"
205,Save A Lot,41.2834675,-80.8453179,"4329a Mahoning Ave NW, Warren"
206,Save A Lot,41.2124323,-80.7464718,"912 Great E Plaza, Niles"
207,Save A Lot,41.2456887,-80.8172763,"1020 N Park Ave, Warren"
208,Save A Lot,41.537998,-81.554937,"2227 Noble Rd, Cleveland Heights"
209,Save A Lot,41.4152236,-81.5709108,"15870 Broadway Ave, Maple Heights"
210,Save A Lot,41.4483671,-81.6446574,"6501 Harvard Ave, Cleveland"
211,Save A Lot,41.4344013,-81.5249277,"21900 Emery Rd, North Randall"
212,Save A Lot,41.5822222,-81.5488889,"18501 Neff Rd, Cleveland"
213,Save A Lot,41.9336933,-80.6041181,"350 W Main Rd, Conneaut"
214,Save A Lot,41.0717453,-80.645709,"2725 South Ave, Youngstown"
215,Save A Lot,41.0235111,-80.6693647,"223 Boardman-Canfield Rd, Youngstown"
216,Save A Lot,41.0827212,-80.7302768,"1715 S Raccoon Rd, Austintown"
217,Save A Lot,41.1326195,-80.6630203,"653 Gypsy Ln, Youngstown"
218,Save A Lot,41.0905376,-80.593879,"2998 Mc Cartney Rd, Youngstown"
219,Save A Lot,41.0444592,-80.6024976,"982 5th St, Struthers"
220,Save A Lot,41.1576011,-80.5840288,"880 W Liberty St, Hubbard"
221,Save A Lot,40.8732936,-80.6878684,"787 Fairfield Ave, Columbiana"
222,Save A Lot,41.2876345,-81.1003847,"8005 State St, Garrettsville"
223,Save A Lot,40.7875827,-80.6246257,"7786 Depot St, Rogers"
224,Save A Lot,41.2309568,-80.5123266,"110 S Water Ave, Sharon"
225,Save A Lot,40.7728163,-80.7662723,"201 E Lincoln Way, Lisbon"
226,Dave's Markets Ohio City,41.4850255,-81.705783,"2700 Carroll Ave, Cleveland"
227,Dave's Supermarket,41.48313,-81.5908928,"13130 Shaker Square, Cleveland"
228,Dave's Markets Middlebury Market,41.0712776,-81.4932022,"871 E Exchange St, Akron"
229,Dave's Mercado,41.459452,-81.737391,"3565 Ridge Rd, Cleveland"
230,Dave's Markets Slavic Village,41.4485998,-81.6352812,"7422 Harvard Ave, Cleveland"
231,Dave's Markets Turneytown,41.4245366,-81.6136405,"4948 Turney Rd, Garfield Heights"
232,Dave's Markets Harvard & Lee,41.4480706,-81.5625777,"16820 Harvard Ave, Cleveland"
233,Dave's Markets Cedar Hill,41.5009537,-81.5931396,"12438 Cedar Rd, Cleveland Heights"
234,Dave's Markets Wilson Mills,41.5382155,-81.4964014,"5100 Wilson Mills Rd, Richmond Heights"
235,Dave's Markets Severance,41.5175,-81.5530556,"3628 Mayfield Road Severance Town Center, Cleveland Heights"
236,Dave's Markets Euclid Beach,41.5786111,-81.5694444,"15900 Lakeshore Blvd, Cleveland"
237,Dave's Market & eatery,41.506246,-81.647824,"1929 E 61st St, Cleveland"
238,5100 Wilson Mills Rd (Dave's Supermarket),41.5389232,-81.4953402,Richmond Heights
239,Dave's Markets Shore Center,41.6095408,-81.5233845,"22501 Shore Center Dr, Euclid"
240,Sunshine Market,41.43443,-81.630248,"4595 Warner Rd, Cleveland"
241,Midtown Market,41.5003126,-81.6634776,"3400 Carnegie Ave, Cleveland"
242,Simon's Supermarket,41.5053351,-81.6327652,"7973 Euclid Ave, Cleveland"
243,Zagara's Marketplace,41.506607,-81.565695,"1940 Lee Rd, Cleveland Heights"
244,West 25th Street Meat Market,41.4872001,-81.6603339,"2700 E 40th St, Cleveland"
245,Heinen's Grocery Store,41.4652935,-81.5636346,"16611 Chagrin Blvd, Shaker Heights"
246,Heinen's Grocery Store,41.3703412,-81.8047626,"Heinen's of, 15300 Bagley Rd, Middleburg Heights"
247,Heinen's of Downtown Cleveland,41.5000366,-81.6861122,"900 Euclid Ave, Cleveland"
248,Heinen's Grocery Store,41.481684,-81.834753,"19219 Detroit Rd, Rocky River"
249,Heinen's Grocery Store,41.5003694,-81.5198778,"2180 S Green Rd, Cleveland"
250,Heinen's Grocery Store,41.4602353,-82.0175955,"35980 Detroit Rd, Avon"
251,Heinen's Grocery Store,41.3211694,-81.623725,"8383 Chippewa Rd, Brecksville"
252,Heinen's Grocery Store,41.315592,-81.829797,"18300 Royalton Rd, Strongsville"
253,Heinen's Grocery Store,41.4631665,-81.4599921,"30849 Pinetree Rd, Pepper Pike"
254,Heinen's Grocery Store,41.3394444,-81.4383333,"10049 Darrow Rd, Twinsburg"
255,Heinen's Grocery Store,41.4134014,-81.3388027,"8482 E Washington St, Chagrin Falls"
256,Heinen's Grocery Store,41.3201936,-81.3468759,"115 N Chillicothe Rd, Aurora"
257,Heinen's Grocery Store,41.5377518,-81.4401571,"860 Som Center Road, Mayfield, Village, Mayfield Village"
258,Heinen's Grocery Store,41.4836498,-81.9221086,"434 Dover Center Rd, Bay Village"
259,Heinen's Grocery Store,41.431116,-81.3895592,"Chagrin Falls 20 Shopping, Center St, Chagrin Falls"
260,Heinen's Grocery Store,41.2425194,-81.4419667,"19 Clinton St, Hudson"
261,Heinen's Grocery Store,41.5881157,-81.2188034,"402 Center St, Chardon"
262,Heinen's Grocery Store,41.6728465,-81.3233195,"8850 Mentor Ave, Mentor"
263,Heinen's Grocery Store,41.606722,-81.4422664,"34501 Ridge Rd, Willoughby"
264,Heinen's grocery,41.3992634,-81.3344408,Bainbridge
