,Name,Lat,Lng,Address
0,Walmart Supercenter,41.3493605,-81.3896444,"7235 Market Pl Dr, Bainbridge Township"
1,Walmart Supercenter,41.2532133,-81.3624094,"905 Singletary Dr, Streetsboro"
2,Walmart Supercenter,41.1658904,-81.480013,"3520 Hudson Dr, Stow"
3,Walmart Supercenter,41.1568543,-81.2996294,"2600 OH-59, Ravenna"
4,Walmart Supercenter,41.0984922,-81.3843855,"250 Tallmadge Rd, Kent"
5,Walmart,40.8714255,-81.4327056,"4572 Mega St NW, North Canton"
6,Walmart Supercenter,40.9009622,-81.1602788,"2700 W State St, Alliance"
7,Walmart Supercenter,40.8346485,-81.328826,"3200 Atlantic Blvd NE, Canton"
8,Walmart Supercenter,41.2741616,-80.7716673,"2016 Millennium Blvd, Cortland"
9,Walmart Supercenter,40.7941973,-81.4222323,"4004 Tuscarawas St W, Canton"
10,Walmart Supercenter,41.0974793,-80.7739181,"6001 Mahoning Ave, Austintown"
11,Walmart Supercenter,41.1473517,-80.66165,"200 Goldie Rd, Youngstown"
12,Walmart Supercenter,40.9001469,-80.8178859,"2875 E State St, Salem"
13,Walmart Supercenter,41.0295191,-80.6309572,"1300 Doral Dr, Poland"
14,Walmart Supercenter,41.2497536,-80.4529907,"1275 N Hermitage Rd, Hermitage"
15,Giant Eagle Supermarket,41.309497,-81.442126,"8960 Darrow Rd, Twinsburg"
16,Giant Eagle Supermarket,41.2373732,-81.3472786,"1280 OH-303, Streetsboro"
17,Giant Eagle Supermarket,41.3903732,-81.3374812,"8515 Tanglewood Square, Chagrin Falls"
18,Giant Eagle Supermarket,41.1530088,-81.4084196,"4300 Kent Road, State Rd #59, Stow"
19,Giant Eagle Supermarket,41.1590731,-81.227761,"909 E Main St, Ravenna"
20,Giant Eagle Supermarket,41.1056643,-81.2410908,"4260 OH-44, Rootstown"
21,Giant Eagle Market District,40.9623233,-81.4689962,"1700 Corporate Woods Pkwy, Uniontown"
22,Giant Eagle Supermarket,41.032131,-81.426042,"2801 E Waterloo Rd, Akron"
23,Giant Eagle Supermarket,41.1000022,-81.4499402,"205 West Ave, Tallmadge"
24,Giant Eagle Supermarket,41.202155,-81.433934,"1700 Norton Rd, Stow"
25,Giant Eagle Supermarket,40.970422,-81.346932,"907 W Maple St, Hartville"
26,Giant Eagle Supermarket,40.875996,-81.368708,"1955 E Maple St, North Canton"
27,ALDI,41.2373827,-81.338671,"9071 OH-14, Streetsboro"
28,ALDI,41.1591497,-81.401652,"3804 Fishcreek Rd, Stow"
29,ALDI,41.1069072,-81.467413,"1620 Brittain Rd, Akron"
30,ALDI,41.1566808,-81.2209875,"1350 E Main St, Ravenna"
31,ALDI,40.9686833,-81.3535197,"1250 W Maple St, Hartville"
32,ALDI,40.951172,-81.4647173,"4055 Massillon Rd, Uniontown"
33,ALDI,40.8540116,-81.4248166,"4082 Belden Village St NW, Canton"
34,ALDI,40.9010986,-81.1417215,"2150 W State St, Alliance"
35,ALDI,41.275434,-80.775151,"2120 Elm Cir, Cortland"
36,ALDI,40.7944304,-81.4467118,"5117 W Tuscarawas St W, Canton"
37,ALDI,41.2097602,-80.7390726,"2425 Niles Cortland Rd SE, Warren"
38,ALDI,41.0987061,-80.7722433,"5863 Mahoning Ave, Austintown"
39,ALDI,41.2550913,-80.8582324,"2774 Parkman Rd NW, Warren"
40,ALDI,41.145275,-80.6636955,"3497 Belmont Ave, Youngstown"
41,ALDI,40.8368039,-81.3337574,"2725 Maret Pl NE NE, Canton"
42,ALDI,40.9003341,-80.8248,"2495 E State St, Salem"
43,ALDI,41.0313196,-80.6352161,"6600 South Ave, Boardman"
44,Marc's Stores,41.315971,-81.356852,"300 Aurora Commons Cir, Aurora"
45,Marc's Stores,41.165723,-81.441433,"3732 Darrow Rd, Stow"
46,Marc's Stores,41.1366669,-81.3571278,"1600 S Water St, Kent"
47,Marc's Stores,41.116686,-81.478218,"470 Howe Ave, Cuyahoga Falls"
48,Marc's Stores,41.1583981,-81.2247001,"1145 E Main St, Ravenna"
49,Marc's Stores,41.032214,-81.423852,"2891 E Waterloo Rd, Akron"
50,Marc's Stores,40.966719,-81.347488,"900 W Maple St, Hartville"
51,Marc's Stores,40.897214,-81.404373,"1664 N Main St, North Canton"
52,Marc's Stores,40.8319305,-81.3816116,"3014 Cromer Ave NW, Canton"
53,Marc's Stores,40.8514668,-81.4362508,"4825 Dressler Rd NW, Canton"
54,Marc's Stores,40.900967,-81.150723,"2444 W State St, Alliance"
55,Marc's Stores,40.794503,-81.447124,"5123 Tuscarawas St W, Canton"
56,Marc's Stores,41.204802,-80.741925,"6024 Youngstown Warren Rd, Niles"
57,Marc's Stores,41.099588,-80.742662,"4755 Mahoning Ave, Austintown"
58,Marc's Stores,40.8993371,-80.8248773,"2487 E State St, Salem"
59,Marc's Stores,41.026832,-80.628673,"7121 Tiffany Blvd, Youngstown"
60,Save A Lot,41.2409134,-81.3383085,"1519 Streetsboro Rd, Streetsboro"
61,Save A Lot,41.1643684,-81.479757,"911 Graham Rd Suite 69-81, Cuyahoga Falls"
62,Save A Lot,41.1405153,-81.3601752,"1430 S Water St, Kent"
63,Save A Lot,41.1000827,-81.4647602,"65 Midway Plaza, Tallmadge"
64,Save A Lot,41.2876345,-81.1003847,"8005 State St, Garrettsville"
65,Save A Lot,41.0489083,-81.438521,"544 Canton Rd, Akron"
66,Save A Lot,41.0244753,-81.4215884,"1540 Canton Rd Ste 170, Akron"
67,Save A Lot,41.2834675,-80.8453179,"4329a Mahoning Ave NW, Warren"
68,Save A Lot,41.2456887,-80.8172763,"1020 N Park Ave, Warren"
69,Save A Lot,40.9025058,-81.0910172,"1110 E State St Unit 2, Alliance"
70,Save A Lot,40.7991231,-81.3822962,"906 W Tuscarawas St W, Canton"
71,Save A Lot,41.2124323,-80.7464718,"912 Great E Plaza, Niles"
72,Save A Lot,41.0827212,-80.7302768,"1715 S Raccoon Rd, Austintown"
73,Save A Lot,40.8142325,-81.423087,"1436 Whipple Ave NW, Canton"
74,Save A Lot,40.8155586,-81.3353862,"2905 Mahoning Rd NE, Canton"
75,Save A Lot,40.7880076,-81.2900246,"406 Noble St W, E, Canton"
76,Save A Lot,41.1325812,-80.6631237,"653 Gypsy Ln, Youngstown"
77,Save A Lot,41.0717081,-80.6456114,"2725 South Ave, Youngstown"
78,Save A Lot,41.0235111,-80.6693647,"223 Boardman-Canfield Rd, Youngstown"
79,Dave's Supermarket,40.9858333,-80.34,"440 E Long Ave, New Castle"
80,Heinen's Grocery Store,41.3201936,-81.3468759,"115 N Chillicothe Rd, Aurora"
81,Heinen's Grocery Store,41.2425194,-81.4419667,"19 Clinton St, Hudson"
